tileid,tile_nsky
28814,400
28816,400
28817,400
28818,400
28819,400
28820,400
28821,400
28822,400
28823,400
28824,400
28825,400
28826,400
28827,400
28833,400
28834,400
28835,400
28836,400
28837,400
28838,400
28839,400
28840,400
28841,400
28842,400
28843,400
28844,400
28845,400
28846,400
28854,400
28855,400
28856,400
28857,400
28858,400
28859,400
28860,400
28861,400
28862,400
28863,400
28872,400
28873,400
28874,400
28875,400
28876,400
28887,400
28906,400
28908,407
28910,400
28912,404
28914,400
28916,400
28925,402
28928,400
28929,400
28930,400
28931,400
28935,405
28936,400
28941,400
28944,400
28946,429
28949,400
28951,401
28952,400
28957,400
28959,420
28960,400
28962,400
28964,400
29063,422
29064,432
29065,468
29067,400
29068,506
29069,535
29070,412
29071,405
29072,402
29073,413
29074,435
29075,472
29076,490
29077,510
29078,550
29079,486
29080,439
29081,441
29082,443
29090,433
29091,506
29092,499
29093,475
29094,503
29095,493
29096,456
29097,533
29098,530
29099,493
29100,453
29110,426
29111,429
29112,455
29113,472
29114,511
29115,508
29116,485
29127,453
29128,474
29257,400
29258,400
29259,400
29260,400
29261,400
29262,400
29263,400
29264,400
29265,400
29266,400
29267,400
29268,400
29269,400
29270,400
29280,400
29281,400
29282,400
29283,400
29284,400
29285,400
29286,400
29287,400
29288,400
29289,400
29300,400
29301,400
29302,400
29303,400
29304,400
29305,400
29316,400
29317,400
29318,400
29351,400
29352,463
29353,411
29354,407
29355,524
29356,424
29357,432
29358,441
29359,411
29360,450
29361,443
29362,460
29363,430
29364,481
29365,469
29370,444
29371,466
29372,432
29373,462
29374,480
29375,445
29376,431
29377,524
29378,490
29379,522
29380,455
29381,430
29382,456
29383,543
29384,472
29385,476
29390,446
29391,547
29392,494
29393,486
29394,505
29395,482
29396,570
29397,559
29398,496
29399,451
29400,420
29401,412
29406,417
29407,423
29408,471
29409,422
29410,434
29411,484
29412,690
29413,466
29414,422
29415,423
29420,405
29421,410
29422,466
29423,487
29424,521
29425,515
29426,478
29430,452
29431,502
29432,451
29433,524
29465,434
29538,400
29539,400
29540,400
29541,400
29542,400
29543,400
29544,400
29545,400
29546,400
29547,400
29548,400
29549,400
29550,400
29551,400
29552,400
29553,400
29554,400
29555,400
29556,400
29557,400
29558,400
29559,400
29560,400
29561,400
29562,400
29563,400
29564,400
29565,400
29566,400
29567,400
29568,400
29569,400
29570,400
29571,400
29572,400
29573,400
29574,400
29575,400
29576,400
29577,400
29578,400
29579,400
29580,400
29581,404
29582,405
29583,400
29584,400
29585,400
29586,400
29587,400
29588,400
29589,400
29590,400
29591,400
29592,400
29593,400
29594,400
29595,400
29596,408
29597,400
29598,410
29599,400
29600,400
29601,400
29602,400
29603,400
29604,400
29605,400
29606,400
29607,400
29608,400
29609,400
29610,400
29611,405
29612,400
29613,400
29614,400
29615,400
29616,400
29617,400
29618,400
29619,400
29620,400
29621,407
29622,401
29623,405
29624,400
29625,400
29626,405
29627,400
29628,407
29629,401
29630,401
29631,400
29632,402
29633,400
29634,400
29654,400
29674,400
29733,400
29734,400
29735,400
29736,400
29737,400
29738,400
29739,400
29740,400
29741,400
29742,400
29755,400
29756,400
29757,400
29758,400
29759,400
29760,400
29761,400
29762,400
29776,400
29777,400
29778,449
29844,400
29845,400
29863,400
29864,400
29865,400
29879,400
29880,400
29881,400
29882,400
29892,400
29893,400
29894,400
29895,400
29896,400
29902,400
29903,400
29904,400
29905,400
29906,400
29907,400
29909,400
29910,411
29911,400
29912,400
29913,400
29914,400
29915,400
29916,400
29917,400
29918,459
29919,496
29920,488
29921,400
29922,441
29923,403
29924,462
29925,478
29926,478
29927,442
29928,430
29929,405
29930,441
29931,473
29932,491
29933,548
29934,514
29935,532
29936,440
29937,522
29938,484
29939,490
29940,400
29941,400
29942,400
29943,405
29944,410
29945,414
29946,410
29947,449
29948,471
29949,503
29950,441
29951,512
29952,508
29953,460
29954,451
29955,450
29956,435
29957,486
29958,484
29959,442
29960,400
29961,400
29962,400
29963,428
29964,435
29965,490
29966,511
29967,507
29968,471
29969,453
29970,435
29971,500
29972,526
29973,484
29974,557
29975,511
29976,400
29977,426
29978,414
29979,420
29980,452
29981,496
29982,511
29983,475
29984,465
29985,540
29986,584
29987,472
29988,485
29989,472
29990,415
29991,430
29992,450
29993,502
29994,524
29995,562
29996,477
29997,502
29998,470
29999,521
30000,412
30001,418
30002,422
30003,575
30004,471
30005,421
30006,445
30007,464
30008,404
30009,412
30010,446
30011,400
30012,421
30016,400
30018,400
30019,400
30021,400
30022,400
30023,400
30024,400
30025,400
30026,400
30027,400
30035,400
30036,400
30037,400
30038,400
30039,400
30040,400
30041,400
30042,400
30043,400
30044,400
30045,400
30046,400
30047,400
30048,400
30049,400
30055,400
30056,400
30057,400
30058,400
30059,400
30060,400
30061,400
30062,400
30063,400
30064,400
30065,400
30071,400
30072,400
30073,400
30074,400
30075,400
30076,400
30077,400
30078,400
30079,400
30080,400
30085,400
30086,400
30087,400
30088,400
30089,400
30090,400
30091,400
30092,400
30095,400
30096,400
30097,400
30098,400
30099,400
30100,400
30101,400
30103,400
30104,400
30105,400
30106,400
30107,400
30203,400
30204,400
30205,412
30207,467
30208,400
30209,427
30210,476
30211,421
30212,473
30213,493
30214,428
30215,547
30216,518
30217,436
30218,415
30219,419
30220,424
30221,400
30222,401
30223,400
30224,400
30229,403
30230,416
30231,419
30232,400
30233,444
30234,514
30235,538
30236,525
30237,418
30238,442
30239,425
30240,401
30241,407
30242,401
30243,400
30244,400
30249,400
30250,400
30251,402
30252,460
30253,418
30254,440
30255,409
30256,451
30257,411
30258,400
30259,400
30260,400
30264,400
30265,400
30266,400
30267,402
30268,400
30269,406
30270,405
30271,400
30272,400
30273,400
30274,400
30277,400
30278,403
30279,403
30280,400
30281,400
30282,400
30283,400
30284,400
30286,400
30287,400
30288,400
30289,400
30290,400
30291,400
30292,400
30294,400
30295,400
30296,400
30369,400
30378,400
30379,400
30380,400
30386,400
30387,400
30388,400
30390,400
30391,400
30392,400
30393,436
30394,412
30395,421
30396,400
30397,445
30398,400
30399,400
30400,484
30401,420
30402,441
30403,446
30404,441
30405,448
30406,477
30407,435
30408,427
30409,427
30410,440
30411,419
30412,434
30413,422
30414,435
30415,400
30416,400
30417,400
30418,400
30419,412
30420,446
30421,419
30422,442
30423,459
30424,499
30425,450
30426,476
30427,440
30428,424
30429,443
30430,447
30431,413
30432,435
30433,438
30434,413
30435,400
30436,400
30437,411
30438,413
30439,408
30440,407
30441,459
30442,419
30443,494
30444,481
30445,437
30446,447
30447,420
30448,410
30449,400
30450,427
30451,400
30452,400
30453,400
30454,405
30455,413
30456,406
30457,465
30458,424
30459,430
30460,448
30461,433
30462,419
30463,418
30464,427
30465,400
30466,400
30467,400
30468,426
30469,414
30470,461
30471,424
30472,405
30473,406
30474,400
30475,400
30476,400
30477,401
30478,405
30479,446
30480,414
30481,400
30482,400
30483,400
30484,400
30485,400
30486,403
30487,400
30583,400
30584,400
30585,400
30587,400
30599,400
30600,400
30601,400
30602,400
30603,400
30604,400
30605,400
30606,400
30607,400
30608,400
30618,400
30619,400
30620,400
30621,400
30622,400
30623,400
30624,400
30625,400
30626,400
30627,410
30628,400
30629,400
30635,400
30636,401
30637,400
30638,400
30639,400
30640,400
30641,400
30642,400
30643,400
30644,400
30645,400
30646,400
30648,400
30649,400
30650,400
30651,400
30652,400
30653,400
30654,417
30655,400
30656,400
30657,400
30658,400
30659,400
30660,400
30661,400
30662,400
30663,400
30664,400
30665,400
30666,400
30667,400
30668,400
30669,400
30670,400
30671,400
30672,400
30673,400
30674,400
30675,400
30676,401
30677,405
30678,400
30679,400
30680,416
30682,426
30684,404
30685,472
30686,400
30687,436
30688,519
30689,406
30690,417
30691,438
30692,428
30693,423
30694,405
30695,412
30696,400
30697,400
30698,400
30699,430
30707,400
30708,413
30709,472
30710,420
30711,411
30712,413
30713,412
30714,421
30715,420
30716,400
30717,405
30718,400
30719,400
30725,400
30726,403
30727,428
30728,426
30729,402
30730,407
30731,402
30732,447
30733,400
30734,400
30735,400
30741,400
30742,421
30743,400
30744,400
30745,404
30746,400
30747,400
30748,400
30754,400
30755,400
30756,400
30757,400
30868,417
30869,448
30870,413
30872,412
30875,405
30876,400
30877,400
30878,400
30879,400
30880,400
30881,400
30882,400
30883,407
30884,428
30885,400
30886,400
30887,429
30888,404
30889,402
30899,408
30900,400
30901,400
30902,404
30903,430
30904,402
30905,400
30906,400
30907,400
30908,400
30909,400
30917,400
30918,400
30919,400
30920,400
30921,400
30922,403
30923,400
30924,400
30925,412
30963,400
30964,400
30965,400
30967,400
30970,400
30972,400
30973,400
30974,400
30975,400
30976,400
30977,400
30978,400
30979,400
30980,400
30981,400
30982,400
30983,400
30984,400
30992,400
30993,400
30994,400
30995,400
30996,400
30997,400
30998,400
30999,400
31000,400
31001,400
31002,400
31003,400
31004,400
31009,400
31010,400
31011,400
31012,400
31013,400
31014,400
31015,400
31016,400
31017,400
31018,400
31019,400
31020,400
31024,400
31025,400
31026,400
31027,400
31028,400
31029,400
31030,400
31031,400
31032,400
31033,400
31034,400
31035,400
31036,400
31037,400
31038,400
31039,400
31040,400
31041,400
31042,400
31043,400
31044,400
31045,400
31046,400
31047,400
31048,400
31049,400
31050,400
31051,400
31052,400
31053,400
31054,400
31055,400
31056,400
31057,400
31153,411
31154,402
31155,411
31157,400
31159,400
31160,400
31161,400
31162,400
31163,400
31164,400
31165,400
31166,400
31167,400
31168,400
31169,400
31170,422
31171,414
31172,441
31173,412
31174,463
31181,400
31182,400
31183,400
31184,400
31185,400
31186,400
31187,400
31188,400
31189,400
31190,409
31191,475
31192,435
31193,436
31194,520
31200,400
31201,400
31202,400
31203,400
31204,407
31205,411
31206,400
31207,405
31208,427
31209,430
31210,497
31216,400
31217,400
31218,403
31219,402
31220,400
31221,413
31222,416
31223,449
31224,433
31229,402
31230,406
31231,400
31232,409
31233,410
31234,477
31258,400
31533,405
31534,401
31535,402
31536,408
31537,400
31538,408
31539,401
31540,400
31541,400
31542,400
31543,409
31544,400
31545,400
31546,402
31547,400
31548,421
31549,413
31550,423
31551,432
31552,416
31553,440
31554,417
31555,461
31556,558
31557,469
31558,471
31559,430
31560,439
31561,441
31562,400
31563,418
31564,420
31565,404
31566,423
31567,400
31568,404
31569,409
31570,420
31571,437
31572,448
31573,435
31574,433
31575,437
31576,528
31577,438
31578,471
31579,437
31580,418
31581,405
31582,430
31583,416
31584,414
31585,400
31586,421
31587,443
31588,402
31589,417
31590,453
31591,439
31592,533
31593,530
31594,434
31595,515
31596,432
31597,411
31598,421
31599,434
31600,442
31601,423
31602,432
31603,443
31604,407
31605,490
31606,541
31607,408
31608,531
31609,499
31610,531
31611,486
31612,404
31613,421
31614,406
31615,452
31616,486
31617,431
31618,502
31619,434
31620,485
31621,401
31622,433
31623,422
31624,491
31625,430
31626,506
31627,485
31723,406
31724,447
31725,502
31726,547
31727,519
31728,493
31729,573
31730,460
31731,481
31732,501
31733,500
31734,483
31735,481
31736,509
31737,484
31738,488
31739,456
31740,505
31741,597
31742,467
31743,504
31744,494
31745,545
31746,502
31747,512
31748,601
31749,632
31750,466
31751,443
31752,487
31753,466
31754,539
31755,458
31756,501
31757,551
31758,576
31759,506
31760,526
31761,514
31762,564
31763,455
31764,440
31765,475
31766,445
31767,525
31768,544
31769,531
31770,452
31771,455
31772,525
31773,498
31774,483
31775,494
31776,578
31777,590
31778,573
31779,568
31780,491
31781,474
31782,478
31783,557
31784,463
31785,477
31786,483
31787,467
31788,614
31789,494
31790,457
31791,584
31792,572
31793,530
31794,507
31795,526
31796,562
31797,492
31798,561
31799,610
31800,495
31801,468
31802,427
31803,450
31804,449
31805,413
31806,557
31807,558
31808,549
31809,466
31810,409
31811,423
31812,485
31813,456
31814,471
31815,406
31816,436
31817,411
31919,400
31921,400
31922,400
31923,407
31924,400
31925,400
31943,400
31944,400
32008,400
32009,426
32010,451
32011,532
32012,417
32013,532
32014,619
32015,417
32016,555
32017,562
32018,604
32019,446
32020,527
32021,506
32022,469
32023,428
32024,418
32025,453
32026,401
32027,428
32028,438
32029,412
32030,423
32031,567
32032,565
32033,569
32034,510
32035,530
32036,456
32037,489
32038,535
32039,590
32040,582
32041,492
32042,462
32043,445
32044,446
32045,439
32046,425
32047,437
32048,461
32049,433
32050,443
32051,482
32052,481
32053,551
32054,481
32055,482
32056,481
32057,586
32058,479
32059,496
32060,498
32061,499
32062,503
32063,450
32064,423
32065,469
32066,441
32067,450
32068,424
32069,491
32070,532
32071,499
32072,521
32073,473
32074,489
32075,532
32076,447
32077,422
32078,436
32079,428
32080,505
32081,530
32082,505
32083,513
32084,536
32085,560
32086,499
32087,444
32088,414
32089,408
32090,414
32091,483
32092,478
32093,496
32094,445
32095,423
32096,413
32097,416
32098,450
32099,468
32100,424
32101,433
32102,467
32106,400
32125,400
32126,400
32127,400
32128,400
32129,400
32145,400
32146,400
32147,400
32148,400
32161,400
32162,400
32163,400
32164,400
32175,400
32176,400
32185,400
32186,400
32193,400
32201,430
32203,450
32204,404
32206,400
32207,400
32208,404
32209,400
32210,400
32211,400
32220,400
32221,400
32222,408
32223,414
32224,400
32225,400
32226,402
32227,400
32228,400
32229,400
32230,400
32231,400
32240,401
32241,400
32242,411
32243,400
32244,400
32245,400
32246,400
32247,400
32248,400
32256,400
32257,400
32258,400
32259,400
32260,400
32261,400
32262,400
32302,400
32391,422
32392,400
32393,458
32394,505
32395,452
32396,488
32397,606
32398,614
32399,438
32400,435
32401,443
32402,456
32403,419
32404,456
32405,400
32410,400
32411,412
32412,435
32413,420
32414,445
32415,413
32416,459
32417,422
32418,420
32419,487
32420,439
32421,454
32422,450
32423,419
32424,439
32430,402
32431,404
32432,413
32433,431
32434,431
32435,462
32436,443
32437,454
32438,445
32439,415
32440,415
32441,406
32442,410
32446,400
32447,400
32448,401
32449,414
32450,433
32451,424
32452,451
32453,426
32454,406
32455,405
32456,400
32460,400
32461,400
32462,400
32463,402
32464,425
32465,409
32466,400
32467,400
32468,400
32469,400
32470,400
32471,400
32472,400
32473,401
32474,400
32475,400
32476,400
32477,400
32478,400
32479,400
32480,400
32481,400
32482,400
32581,400
32583,400
32584,400
32585,400
32586,400
32587,400
32588,418
32589,400
32590,400
32591,400
32592,400
32593,400
32594,400
32600,400
32601,400
32602,400
32603,400
32604,400
32605,400
32606,400
32607,400
32608,400
32609,400
32610,400
32611,400
32612,400
32613,400
32614,400
32620,400
32621,400
32622,400
32623,400
32624,400
32625,400
32626,400
32627,400
32628,400
32629,400
32630,400
32637,400
32638,400
32639,400
32640,400
32641,400
32642,400
32643,400
32644,400
32652,400
32653,400
32654,400
32673,505
32674,423
32675,515
32676,400
32677,447
32678,400
32679,400
32680,410
32681,400
32682,400
32683,408
32684,400
32685,400
32686,401
32687,403
32688,405
32689,416
32690,432
32691,478
32692,521
32693,464
32694,547
32695,400
32696,400
32697,400
32698,401
32699,400
32700,400
32701,400
32702,400
32703,400
32704,400
32705,400
32706,400
32707,420
32708,410
32709,401
32710,436
32711,442
32712,426
32713,422
32714,474
32715,400
32716,400
32717,400
32718,400
32719,400
32720,400
32721,401
32722,400
32723,406
32724,416
32725,470
32726,407
32727,401
32728,441
32729,400
32730,450
32731,400
32732,400
32733,400
32734,400
32735,400
32736,400
32737,409
32738,401
32739,403
32740,400
32741,423
32742,408
32743,456
32744,546
32745,400
32746,400
32747,400
32748,400
32749,406
32750,400
32751,404
32752,400
32753,443
32754,512
32755,400
32756,400
32757,400
32758,400
32759,421
32760,401
32761,406
32762,429
32763,400
32764,400
32765,400
32766,406
32767,420
33056,487
33058,497
33059,526
33060,448
33061,400
33062,454
33063,527
33064,422
33065,443
33066,425
33067,415
33075,400
33076,410
33077,415
33078,463
33079,451
33080,465
33081,479
33082,434
33083,411
33084,472
33085,480
33086,413
33087,453
33095,413
33096,426
33097,418
33098,426
33099,448
33100,474
33101,443
33102,402
33103,500
33104,401
33111,406
33112,447
33113,402
33114,408
33115,408
33116,463
33117,437
33118,408
33125,408
33126,400
33127,411
33128,410
33129,419
33135,400
33136,402
33137,400
33143,400
33147,400
33833,400
33834,433
33852,400
33853,400
33854,440
33869,400
33870,411
33882,400
33883,400
33884,405
33892,400
33893,400
33894,400
33899,400
33900,400
33901,400
33902,400
33904,400
33905,400
33906,400
33907,400
34010,400
34011,400
34012,400
34013,400
34014,400
34015,400
34016,400
34034,400
34098,400
34099,400
34100,400
34101,405
34102,400
34103,405
34104,415
34105,400
34106,400
34107,400
34108,400
34109,400
34110,400
34111,407
34112,400
34113,400
34114,400
34115,400
34116,400
34117,400
34118,400
34119,400
34120,448
34121,481
34122,459
34123,438
34124,400
34125,448
34126,424
34127,417
34128,410
34129,400
34130,400
34131,400
34132,400
34133,401
34134,400
34135,400
34136,400
34137,400
34138,400
34139,400
34140,435
34141,434
34142,433
34143,406
34144,404
34145,407
34146,405
34147,403
34148,403
34149,406
34150,406
34151,400
34152,400
34153,402
34154,400
34155,400
34156,464
34157,443
34158,403
34159,430
34160,427
34161,454
34162,411
34163,413
34164,408
34165,403
34166,405
34167,404
34168,400
34169,400
34170,427
34171,425
34172,417
34173,426
34174,422
34175,459
34176,425
34177,412
34178,400
34179,400
34180,471
34181,470
34182,427
34183,450
34184,400
34185,413
34186,403
34187,400
34188,447
34189,411
34190,413
34191,409
34192,454
34193,486
34194,466
34195,453
34196,401
34197,418
34198,433
34199,445
34200,402
34201,400
34202,400
34203,401
34204,400
34205,400
34206,422
34207,425
34208,408
34209,410
34210,411
34211,444
34212,520
34213,489
34214,549
34215,434
34216,412
34217,427
34218,400
34219,402
34220,413
34221,439
34222,420
34223,412
34224,405
34225,415
34226,400
34227,413
34228,407
34229,405
34230,448
34231,473
34232,510
34233,575
34234,544
34235,425
34236,417
34237,439
34238,435
34239,401
34240,423
34241,419
34242,404
34243,407
34244,455
34245,443
34246,403
34247,408
34248,435
34249,500
34250,510
34251,456
34252,412
34253,424
34254,451
34255,407
34256,441
34257,429
34258,433
34259,437
34260,469
34261,448
34262,526
34263,480
34264,494
34265,412
34266,407
34267,426
34268,490
34269,447
34270,454
34271,450
34272,508
34273,473
34274,452
34275,489
34276,441
34277,405
34278,430
34279,437
34280,412
34281,400
34282,447
34283,458
34284,430
34285,453
34286,419
34287,575
34288,400
34289,400
34290,400
34291,430
34292,400
34293,400
34294,400
34295,400
34296,400
34297,400
34298,400
34299,400
34300,400
34301,400
34302,400
34303,400
34304,400
34305,400
34306,400
34307,400
34308,400
34309,400
34310,407
34311,424
34312,403
34313,427
34314,405
34315,404
34316,400
34317,400
34318,400
34319,400
34320,400
34321,400
34322,400
34323,400
34324,400
34325,400
34326,400
34327,400
34328,400
34329,400
34330,416
34331,406
34332,404
34333,401
34334,400
34335,400
34336,400
34337,400
34338,400
34339,400
34340,400
34341,400
34342,400
34343,400
34344,400
34345,400
34346,439
34347,404
34348,401
34349,400
34350,407
34351,400
34352,400
34353,400
34354,400
34355,400
34356,400
34357,400
34358,400
34359,400
34360,406
34361,407
34362,400
34363,400
34364,400
34365,400
34366,400
34367,400
34368,400
34369,400
34370,410
34371,401
34372,405
34373,400
34374,400
34375,400
34376,400
34377,400
34378,401
34379,407
34380,400
34381,400
34382,400
34478,400
34479,400
34480,400
34482,400
34484,400
34485,400
34486,400
34487,400
34488,421
34489,400
34490,400
34491,400
34492,400
34493,400
34494,400
34495,400
34496,400
34497,400
34498,400
34499,400
34506,400
34507,400
34508,400
34509,400
34510,400
34511,400
34512,400
34513,400
34514,400
34515,400
34516,400
34517,400
34518,400
34519,400
34525,400
34526,400
34527,400
34528,400
34529,400
34530,400
34531,400
34532,400
34533,401
34534,400
34535,400
34542,400
34543,400
34544,400
34545,400
34546,400
34547,400
34548,400
34549,400
34555,400
34556,400
34557,400
34558,400
34559,400
34565,400
34566,400
34567,400
34571,400
34576,400
34578,400
34579,400
34580,400
34581,400
34582,400
34583,400
34584,400
34585,400
34586,400
34587,400
34588,400
34589,400
34595,400
34596,400
34597,400
34598,400
34599,400
34600,400
34601,400
34602,400
34603,400
34604,400
34605,400
34606,400
34607,400
34608,400
34616,400
34617,400
34618,400
34619,400
34620,400
34621,400
34622,400
34623,400
34624,400
34625,400
34634,400
34635,400
34636,400
34637,400
34638,400
34649,400
34668,400
34670,1129
34672,400
34674,1270
34676,684
34678,681
34687,717
34690,469
34691,564
34692,400
34693,400
34697,747
34698,400
34703,512
34706,427
34708,891
34711,622
34713,762
34714,400
34719,400
34721,785
34722,400
34724,566
34726,400
34825,859
34826,771
34827,1053
34829,730
34830,1216
34831,1244
34832,792
34833,666
34834,818
34835,978
34836,840
34837,960
34838,1024
34839,1094
34840,1086
34841,1095
34842,828
34843,993
34844,1019
34852,920
34853,1112
34854,1057
34855,980
34856,1048
34857,1107
34858,932
34859,1131
34860,1298
34861,1038
34862,988
34872,849
34873,969
34874,1018
34875,1033
34876,1080
34877,1104
34878,1156
34889,1061
34890,1032
35019,400
35020,400
35021,400
35022,400
35023,400
35024,400
35025,421
35026,400
35027,400
35028,400
35029,400
35030,400
35031,400
35032,400
35042,400
35043,400
35044,400
35045,400
35046,400
35047,400
35048,400
35049,400
35050,400
35051,400
35062,400
35063,400
35064,400
35065,400
35066,400
35067,400
35078,400
35079,400
35080,400
35113,674
35114,1048
35115,617
35116,887
35117,1045
35118,886
35119,960
35120,984
35121,699
35122,984
35123,915
35124,900
35125,887
35126,972
35127,1002
35132,886
35133,976
35134,906
35135,1000
35136,1006
35137,732
35138,937
35139,1148
35140,1104
35141,1055
35142,950
35143,822
35144,922
35145,1108
35146,1021
35147,921
35152,1055
35153,1217
35154,1042
35155,1171
35156,1125
35157,1058
35158,1363
35159,1198
35160,1081
35161,983
35162,843
35163,797
35168,894
35169,914
35170,1073
35171,923
35172,901
35173,1121
35174,1403
35175,1077
35176,916
35177,862
35182,755
35183,989
35184,992
35185,1073
35186,1097
35187,1163
35188,1141
35192,901
35193,987
35194,904
35195,1207
35227,689
35300,402
35301,400
35302,400
35303,413
35304,400
35305,400
35306,400
35307,400
35308,400
35309,400
35310,400
35311,400
35312,400
35313,400
35314,400
35315,400
35316,400
35317,400
35318,400
35319,400
35320,411
35321,422
35322,588
35323,597
35324,466
35325,445
35326,416
35327,400
35328,400
35329,400
35330,400
35331,400
35332,400
35333,400
35334,400
35335,400
35336,401
35337,401
35338,402
35339,406
35340,429
35341,417
35342,597
35343,580
35344,540
35345,422
35346,430
35347,442
35348,400
35349,400
35350,400
35351,400
35352,400
35353,422
35354,405
35355,444
35356,417
35357,527
35358,678
35359,731
35360,669
35361,444
35362,416
35363,400
35364,407
35365,400
35366,409
35367,437
35368,442
35369,530
35370,566
35371,480
35372,649
35373,657
35374,573
35375,468
35376,429
35377,489
35378,468
35379,500
35380,498
35381,535
35382,647
35383,754
35384,640
35385,623
35386,572
35387,487
35388,652
35389,669
35390,811
35391,689
35392,568
35393,708
35394,751
35395,400
35396,400
35416,400
35436,400
35495,400
35496,400
35497,406
35498,400
35499,400
35500,414
35501,400
35502,400
35503,400
35504,407
35517,400
35518,400
35519,401
35520,400
35521,400
35522,400
35523,400
35524,401
35538,400
35539,400
35540,400
35606,400
35607,400
35625,400
35626,422
35627,400
35641,400
35642,408
35643,400
35644,400
35654,400
35655,402
35656,424
35657,400
35658,400
35664,400
35665,404
35666,451
35667,400
35668,400
35669,400
35671,400
35672,430
35673,416
35674,421
35675,400
35676,400
35677,435
35678,464
35679,447
35680,1022
35681,1094
35682,1084
35683,638
35684,955
35685,887
35686,937
35687,999
35688,1092
35689,989
35690,1069
35691,804
35692,899
35693,1094
35694,1046
35695,1153
35696,1164
35697,1128
35698,983
35699,1042
35700,1043
35701,1014
35702,476
35703,494
35704,522
35705,743
35706,763
35707,860
35708,841
35709,1109
35710,1065
35711,997
35712,889
35713,1122
35714,1270
35715,1033
35716,924
35717,891
35718,782
35719,960
35720,1033
35721,854
35722,518
35723,556
35724,610
35725,808
35726,993
35727,1029
35728,1165
35729,1029
35730,1096
35731,1014
35732,931
35733,1109
35734,1177
35735,1083
35736,1138
35737,1090
35738,591
35739,615
35740,644
35741,821
35742,990
35743,1082
35744,1279
35745,1028
35746,1028
35747,1232
35748,1293
35749,1005
35750,1030
35751,1025
35752,824
35753,843
35754,980
35755,1086
35756,1146
35757,1197
35758,1041
35759,1078
35760,968
35761,1140
35762,724
35763,882
35764,945
35765,1371
35766,1064
35767,885
35768,972
35769,908
35770,643
35771,947
35772,882
35773,767
35774,772
35778,400
35780,400
35781,400
35783,400
35784,400
35785,400
35786,400
35787,400
35788,400
35789,400
35797,400
35798,400
35799,400
35800,400
35801,400
35802,400
35803,400
35804,400
35805,400
35806,400
35807,400
35808,400
35809,400
35810,400
35811,400
35817,400
35818,400
35819,400
35820,400
35821,400
35822,400
35823,400
35824,400
35825,400
35826,400
35827,400
35833,400
35834,400
35835,400
35836,400
35837,400
35838,400
35839,400
35840,400
35841,400
35842,400
35847,400
35848,400
35849,400
35850,400
35851,400
35852,400
35853,400
35854,400
35857,400
35858,400
35859,400
35860,400
35861,400
35862,400
35863,400
35865,400
35866,400
35867,400
35868,400
35869,400
35965,453
35966,547
35967,724
35969,912
35970,593
35971,726
35972,1191
35973,865
35974,1081
35975,1197
35976,1009
35977,1253
35978,1270
35979,1036
35980,883
35981,867
35982,817
35983,683
35984,674
35985,573
35986,474
35991,483
35992,715
35993,760
35994,578
35995,876
35996,1119
35997,1052
35998,1198
35999,881
36000,854
36001,842
36002,788
36003,644
36004,587
36005,473
36006,425
36011,565
36012,743
36013,573
36014,911
36015,841
36016,842
36017,871
36018,888
36019,602
36020,472
36021,410
36022,400
36026,400
36027,482
36028,613
36029,750
36030,730
36031,708
36032,615
36033,475
36034,424
36035,408
36036,403
36039,421
36040,531
36041,594
36042,635
36043,527
36044,413
36045,406
36046,400
36048,400
36049,429
36050,474
36051,429
36052,406
36053,400
36054,400
36056,407
36057,400
36058,400
36131,400
36140,400
36141,400
36142,400
36148,400
36149,401
36150,400
36152,400
36153,400
36154,400
36155,856
36156,668
36157,733
36158,558
36159,928
36160,648
36161,614
36162,908
36163,844
36164,836
36165,1142
36166,1059
36167,1026
36168,991
36169,981
36170,849
36171,917
36172,936
36173,830
36174,954
36175,925
36176,909
36177,419
36178,470
36179,485
36180,523
36181,710
36182,761
36183,759
36184,809
36185,1027
36186,1115
36187,920
36188,974
36189,932
36190,959
36191,1044
36192,945
36193,808
36194,814
36195,784
36196,803
36197,419
36198,466
36199,591
36200,729
36201,705
36202,782
36203,913
36204,927
36205,1102
36206,942
36207,939
36208,957
36209,919
36210,892
36211,683
36212,980
36213,426
36214,487
36215,617
36216,745
36217,661
36218,732
36219,891
36220,879
36221,979
36222,1000
36223,743
36224,833
36225,742
36226,770
36227,438
36228,523
36229,600
36230,822
36231,775
36232,959
36233,866
36234,702
36235,765
36236,674
36237,458
36238,505
36239,530
36240,773
36241,892
36242,748
36243,664
36244,565
36245,613
36246,611
36247,628
36248,590
36249,690
36345,426
36346,409
36347,400
36349,400
36361,400
36362,400
36363,400
36364,402
36365,415
36366,449
36367,400
36368,400
36369,400
36370,400
36380,400
36381,400
36382,400
36383,400
36384,410
36385,419
36386,543
36387,400
36388,400
36389,439
36390,400
36391,400
36397,400
36398,400
36399,400
36400,411
36401,456
36402,589
36403,406
36404,402
36405,400
36406,400
36407,400
36408,400
36410,400
36411,400
36412,400
36413,413
36414,438
36415,528
36416,746
36417,407
36418,405
36419,400
36420,400
36421,400
36422,400
36423,400
36424,409
36425,500
36426,636
36427,432
36428,410
36429,424
36430,421
36431,410
36432,457
36433,515
36434,716
36435,490
36436,510
36437,514
36438,610
36439,696
36440,453
36441,538
36442,615
36444,649
36446,491
36447,965
36448,726
36449,892
36450,1127
36451,801
36452,957
36453,793
36454,907
36455,926
36456,729
36457,649
36458,641
36459,593
36460,521
36461,455
36469,497
36470,770
36471,1009
36472,768
36473,698
36474,701
36475,849
36476,527
36477,597
36478,655
36479,485
36480,436
36481,411
36487,496
36488,714
36489,852
36490,754
36491,675
36492,617
36493,601
36494,606
36495,438
36496,400
36497,400
36503,530
36504,864
36505,592
36506,462
36507,494
36508,437
36509,401
36510,400
36516,474
36517,469
36518,425
36519,400
36630,780
36631,832
36632,624
36634,744
36637,783
36638,434
36639,472
36640,691
36641,499
36642,588
36643,628
36644,682
36645,691
36646,696
36647,589
36648,759
36649,831
36650,672
36651,617
36661,613
36662,544
36663,653
36664,722
36665,636
36666,626
36667,594
36668,634
36669,595
36670,510
36671,583
36679,474
36680,527
36681,559
36682,624
36683,677
36684,705
36685,615
36686,634
36687,571
36725,545
36726,513
36727,480
36729,403
36732,400
36734,400
36735,400
36736,400
36737,400
36738,400
36739,400
36740,400
36741,400
36742,401
36743,419
36744,427
36745,434
36746,507
36754,400
36755,400
36756,400
36757,400
36758,400
36759,400
36760,400
36761,400
36762,406
36763,443
36764,475
36765,463
36766,507
36771,400
36772,400
36773,400
36774,400
36775,400
36776,400
36777,400
36778,400
36779,400
36780,404
36781,423
36782,465
36786,400
36787,400
36788,400
36789,400
36790,400
36791,400
36792,400
36793,400
36794,400
36795,403
36796,431
36797,400
36798,400
36799,400
36800,400
36801,400
36802,400
36803,400
36804,400
36805,401
36806,419
36807,400
36808,400
36809,400
36810,400
36811,400
36812,400
36813,400
36814,427
36815,400
36816,400
36817,400
36818,404
36819,400
36915,830
36916,760
36917,794
36919,580
36921,407
36922,411
36923,403
36924,400
36925,411
36926,400
36927,401
36928,440
36929,527
36930,497
36931,654
36932,737
36933,890
36934,822
36935,717
36936,1038
36943,434
36944,431
36945,417
36946,455
36947,431
36948,484
36949,503
36950,612
36951,711
36952,721
36953,970
36954,900
36955,904
36956,1113
36962,508
36963,543
36964,488
36965,563
36966,661
36967,714
36968,632
36969,863
36970,979
36971,989
36972,1060
36978,585
36979,687
36980,676
36981,708
36982,738
36983,860
36984,805
36985,880
36986,855
36991,712
36992,639
36993,710
36994,795
36995,909
36996,907
37020,400
37295,691
37296,653
37297,773
37298,963
37299,814
37300,745
37301,641
37302,537
37303,507
37304,586
37305,730
37306,486
37307,558
37308,599
37309,662
37310,858
37311,729
37312,776
37313,826
37314,744
37315,901
37316,757
37317,991
37318,1142
37319,1051
37320,991
37321,833
37322,778
37323,822
37324,667
37325,678
37326,648
37327,755
37328,710
37329,633
37330,654
37331,612
37332,907
37333,936
37334,918
37335,849
37336,972
37337,899
37338,1131
37339,858
37340,911
37341,859
37342,789
37343,721
37344,843
37345,882
37346,742
37347,714
37348,931
37349,843
37350,694
37351,823
37352,918
37353,1010
37354,1115
37355,1128
37356,796
37357,1161
37358,903
37359,772
37360,882
37361,981
37362,966
37363,881
37364,832
37365,833
37366,691
37367,1099
37368,1241
37369,852
37370,1194
37371,1183
37372,1225
37373,979
37374,850
37375,760
37376,733
37377,957
37378,1087
37379,849
37380,1025
37381,903
37382,1083
37383,874
37384,1020
37385,820
37386,954
37387,837
37388,1087
37389,1074
37485,878
37486,1044
37487,1188
37488,1229
37489,1264
37490,1100
37491,1274
37492,998
37493,1134
37494,979
37495,1241
37496,937
37497,1065
37498,1226
37499,1079
37500,1184
37501,1038
37502,1083
37503,1301
37504,1065
37505,1038
37506,1082
37507,1068
37508,1093
37509,1164
37510,1354
37511,1241
37512,902
37513,1032
37514,1011
37515,1083
37516,1221
37517,998
37518,1108
37519,1200
37520,1197
37521,1081
37522,1181
37523,1175
37524,1234
37525,1081
37526,929
37527,1013
37528,963
37529,1155
37530,1255
37531,1130
37532,1009
37533,1020
37534,1178
37535,1079
37536,981
37537,1126
37538,1286
37539,1334
37540,1260
37541,1233
37542,1017
37543,1011
37544,1005
37545,1165
37546,888
37547,968
37548,1029
37549,1031
37550,1252
37551,1124
37552,1014
37553,1284
37554,1333
37555,1222
37556,987
37557,1262
37558,1257
37559,1086
37560,1191
37561,1274
37562,1161
37563,1051
37564,872
37565,993
37566,905
37567,875
37568,1180
37569,1185
37570,1097
37571,860
37572,635
37573,813
37574,1076
37575,1001
37576,960
37577,838
37578,941
37579,804
37681,400
37683,430
37684,446
37685,724
37686,461
37687,446
37705,400
37706,439
37770,657
37771,835
37772,940
37773,1193
37774,872
37775,1212
37776,1251
37777,840
37778,1159
37779,1254
37780,1339
37781,963
37782,1140
37783,1143
37784,897
37785,943
37786,852
37787,886
37788,796
37789,860
37790,847
37791,756
37792,893
37793,1292
37794,1254
37795,1214
37796,1103
37797,1008
37798,998
37799,1114
37800,1264
37801,1366
37802,1272
37803,1109
37804,963
37805,986
37806,956
37807,958
37808,924
37809,830
37810,999
37811,918
37812,1051
37813,906
37814,1011
37815,1149
37816,987
37817,1093
37818,1158
37819,1253
37820,1031
37821,1122
37822,1083
37823,1141
37824,1064
37825,1032
37826,963
37827,1063
37828,960
37829,994
37830,880
37831,1062
37832,1168
37833,1056
37834,1180
37835,1045
37836,1075
37837,1035
37838,866
37839,836
37840,981
37841,888
37842,1075
37843,1052
37844,1166
37845,1190
37846,1121
37847,1226
37848,1155
37849,889
37850,876
37851,798
37852,853
37853,953
37854,955
37855,1114
37856,946
37857,851
37858,706
37859,816
37860,919
37861,991
37862,812
37863,823
37864,880
37868,400
37887,467
37888,400
37889,400
37890,400
37891,400
37907,403
37908,400
37909,400
37910,400
37923,400
37924,400
37925,400
37926,400
37937,400
37938,400
37947,400
37948,400
37955,401
37963,799
37965,805
37966,680
37968,614
37969,621
37970,741
37971,481
37972,448
37973,467
37982,661
37983,628
37984,733
37985,738
37986,586
37987,602
37988,660
37989,557
37990,496
37991,495
37992,465
37993,540
38002,580
38003,598
38004,636
38005,564
38006,526
38007,454
38008,544
38009,535
38010,530
38018,511
38019,565
38020,584
38021,549
38022,482
38023,498
38024,488
38064,400
38153,893
38154,580
38155,1005
38156,1212
38157,1041
38158,1058
38159,1266
38160,1312
38161,895
38162,969
38163,942
38164,883
38165,898
38166,753
38167,608
38172,710
38173,841
38174,800
38175,827
38176,1019
38177,815
38178,1128
38179,931
38180,866
38181,989
38182,941
38183,955
38184,908
38185,877
38186,730
38192,610
38193,681
38194,852
38195,824
38196,905
38197,974
38198,937
38199,945
38200,941
38201,775
38202,726
38203,675
38204,469
38208,544
38209,543
38210,767
38211,756
38212,822
38213,909
38214,941
38215,862
38216,771
38217,744
38218,467
38222,486
38223,571
38224,689
38225,699
38226,900
38227,731
38228,596
38229,468
38230,434
38231,400
38232,450
38233,466
38234,640
38235,601
38236,564
38237,447
38238,400
38239,403
38240,409
38241,492
38242,403
38243,400
38244,401
38343,415
38345,432
38346,516
38347,432
38348,474
38349,518
38350,810
38351,524
38352,447
38353,400
38354,406
38355,400
38356,400
38362,400
38363,400
38364,400
38365,400
38366,411
38367,419
38368,495
38369,456
38370,432
38371,520
38372,439
38373,410
38374,400
38375,400
38376,400
38382,400
38383,400
38384,400
38385,400
38386,400
38387,413
38388,421
38389,411
38390,402
38391,400
38392,400
38399,400
38400,400
38401,400
38402,400
38403,400
38404,407
38405,400
38406,400
38414,400
38415,400
38416,400
38435,1076
38436,898
38437,1090
38438,417
38439,969
38440,414
38441,428
38442,577
38443,418
38444,544
38445,717
38446,563
38447,550
38448,588
38449,709
38450,680
38451,833
38452,856
38453,1075
38454,1023
38455,965
38456,1171
38457,421
38458,472
38459,492
38460,417
38461,494
38462,490
38463,448
38464,485
38465,531
38466,551
38467,525
38468,665
38469,746
38470,741
38471,783
38472,806
38473,893
38474,797
38475,718
38476,1053
38477,418
38478,446
38479,458
38480,498
38481,470
38482,452
38483,581
38484,536
38485,729
38486,717
38487,769
38488,711
38489,668
38490,697
38491,683
38492,931
38493,488
38494,513
38495,490
38496,447
38497,462
38498,569
38499,720
38500,620
38501,556
38502,667
38503,737
38504,814
38505,998
38506,1207
38507,574
38508,562
38509,458
38510,463
38511,563
38512,677
38513,630
38514,692
38515,811
38516,976
38517,509
38518,478
38519,620
38520,561
38521,643
38522,571
38523,743
38524,972
38525,638
38526,664
38527,578
38528,765
38529,948
38818,1045
38820,1090
38821,1049
38822,799
38823,815
38824,913
38825,1143
38826,897
38827,856
38828,793
38829,641
38837,796
38838,831
38839,780
38840,918
38841,948
38842,1074
38843,1004
38844,794
38845,810
38846,1010
38847,1047
38848,792
38849,622
38857,793
38858,779
38859,843
38860,797
38861,1045
38862,1072
38863,995
38864,934
38865,852
38866,589
38873,718
38874,766
38875,605
38876,666
38877,761
38878,842
38879,792
38880,679
38887,612
38888,612
38889,668
38890,603
38891,666
38897,474
38898,554
38899,465
38905,409
38909,400
39595,580
39596,838
39614,579
39615,679
39616,807
39631,497
39632,768
39644,455
39645,495
39646,583
39654,400
39655,435
39656,489
39661,400
39662,407
39663,401
39664,425
39666,400
39667,400
39668,400
39669,400
39772,400
39773,435
39774,496
39775,624
39776,413
39777,408
39778,411
39796,414
39860,404
39861,405
39862,417
39863,802
39864,492
39865,714
39866,731
39867,589
39868,610
39869,589
39870,677
39871,519
39872,524
39873,529
39874,632
39875,565
39876,587
39877,500
39878,466
39879,446
39880,404
39881,404
39882,890
39883,1062
39884,973
39885,913
39886,694
39887,911
39888,800
39889,726
39890,686
39891,705
39892,535
39893,500
39894,577
39895,541
39896,494
39897,448
39898,497
39899,513
39900,422
39901,424
39902,888
39903,982
39904,973
39905,783
39906,703
39907,772
39908,732
39909,839
39910,718
39911,731
39912,612
39913,619
39914,595
39915,608
39916,500
39917,499
39918,922
39919,846
39920,927
39921,863
39922,773
39923,999
39924,868
39925,776
39926,845
39927,854
39928,635
39929,558
39930,479
39931,506
39932,921
39933,826
39934,803
39935,780
39936,886
39937,1009
39938,844
39939,732
39940,629
39941,568
39942,1029
39943,848
39944,889
39945,966
39946,743
39947,794
39948,609
39949,570
39950,833
39951,691
39952,719
39953,726
39954,953
39955,1025
39956,1024
39957,1022
39958,703
39959,854
39960,1015
39961,817
39962,724
39963,640
39964,618
39965,699
39966,689
39967,761
39968,811
39969,840
39970,707
39971,754
39972,792
39973,971
39974,1212
39975,1063
39976,1263
39977,818
39978,809
39979,792
39980,763
39981,681
39982,830
39983,935
39984,777
39985,766
39986,783
39987,751
39988,714
39989,773
39990,751
39991,763
39992,856
39993,1033
39994,1123
39995,1266
39996,1190
39997,949
39998,785
39999,890
40000,982
40001,709
40002,821
40003,838
40004,832
40005,936
40006,820
40007,839
40008,688
40009,774
40010,993
40011,1113
40012,1033
40013,915
40014,804
40015,940
40016,1073
40017,902
40018,774
40019,787
40020,878
40021,989
40022,1012
40023,1050
40024,1183
40025,962
40026,1176
40027,748
40028,773
40029,796
40030,1055
40031,879
40032,958
40033,945
40034,1043
40035,862
40036,965
40037,934
40038,901
40039,775
40040,931
40041,796
40042,881
40043,725
40044,934
40045,928
40046,901
40047,911
40048,862
40049,1122
40050,400
40051,400
40052,400
40053,860
40054,400
40055,508
40056,513
40057,400
40058,427
40059,419
40060,400
40061,402
40062,400
40063,400
40064,400
40065,400
40066,400
40067,400
40068,400
40069,400
40070,400
40071,400
40072,800
40073,696
40074,826
40075,848
40076,639
40077,589
40078,560
40079,492
40080,424
40081,431
40082,400
40083,401
40084,403
40085,400
40086,400
40087,400
40088,400
40089,400
40090,400
40091,439
40092,876
40093,719
40094,596
40095,531
40096,487
40097,492
40098,439
40099,400
40100,416
40101,414
40102,400
40103,400
40104,400
40105,400
40106,400
40107,400
40108,875
40109,714
40110,541
40111,527
40112,511
40113,450
40114,417
40115,406
40116,401
40117,402
40118,400
40119,400
40120,400
40121,400
40122,802
40123,706
40124,603
40125,466
40126,474
40127,411
40128,400
40129,400
40130,400
40131,400
40132,695
40133,632
40134,628
40135,549
40136,430
40137,403
40138,400
40139,442
40140,584
40141,531
40142,469
40143,457
40144,570
40240,403
40241,446
40242,461
40244,429
40246,404
40247,433
40248,436
40249,475
40250,580
40251,400
40252,409
40253,435
40254,419
40255,421
40256,400
40257,411
40258,400
40259,402
40260,400
40261,400
40268,400
40269,408
40270,406
40271,413
40272,424
40273,448
40274,422
40275,400
40276,400
40277,400
40278,400
40279,400
40280,400
40281,400
40287,400
40288,404
40289,449
40290,410
40291,400
40292,400
40293,400
40294,400
40295,400
40296,400
40297,400
40304,403
40305,400
40306,400
40307,400
40308,400
40309,400
40310,400
40311,400
40317,400
40318,400
40319,400
40320,400
40321,400
40327,400
40328,400
40329,400
40333,400
40338,400
40340,400
40341,432
40342,400
40343,409
40344,463
40345,494
40346,400
40347,411
40348,400
40349,400
40350,400
40351,400
40357,401
40358,400
40359,400
40360,400
40361,400
40362,400
40363,400
40364,400
40365,400
40366,415
40367,400
40368,400
40369,400
40370,400
40378,400
40379,400
40380,400
40381,400
40382,400
40383,400
40384,400
40385,400
40386,400
40387,400
40396,400
40397,400
40398,400
40399,400
40400,400
40411,400
40430,627
40432,2186
40434,400
40436,2472
40438,1392
40440,1272
40449,1350
40452,1001
40453,1284
40454,400
40455,402
40459,1536
40460,446
40465,1136
40468,830
40470,1974
40473,1213
40475,1403
40476,427
40481,400
40483,1772
40484,760
40486,800
40488,496
40587,1561
40588,1449
40589,1664
40591,1437
40592,2162
40593,2274
40594,1633
40595,1428
40596,1776
40597,1683
40598,1754
40599,1752
40600,2007
40601,1844
40602,1994
40603,1745
40604,1518
40605,2040
40606,1514
40614,1346
40615,2014
40616,1862
40617,1962
40618,2107
40619,2057
40620,1865
40621,2078
40622,2240
40623,1915
40624,1408
40634,1354
40635,1833
40636,1955
40637,1994
40638,2125
40639,1931
40640,1672
40651,2024
40652,1547
40781,400
40782,400
40783,400
40784,400
40785,400
40786,400
40787,618
40788,400
40789,400
40790,400
40791,400
40792,400
40793,400
40794,400
40804,400
40805,400
40806,400
40807,400
40808,400
40809,400
40810,400
40811,400
40812,400
40813,400
40824,400
40825,400
40826,400
40827,400
40828,400
40829,400
40840,400
40841,400
40842,400
40875,1353
40876,1680
40877,1218
40878,1673
40879,2012
40880,1649
40881,1612
40882,1820
40883,1431
40884,1727
40885,1710
40886,1876
40887,1979
40888,1912
40889,1749
40894,1852
40895,1751
40896,1724
40897,1741
40898,1739
40899,1437
40900,1904
40901,2085
40902,1974
40903,1819
40904,1928
40905,1679
40906,1770
40907,2005
40908,2003
40909,1562
40914,1944
40915,2055
40916,1922
40917,2050
40918,1949
40919,1932
40920,2372
40921,1977
40922,1739
40923,1813
40924,1742
40925,1563
40930,1561
40931,1794
40932,1847
40933,1675
40934,1768
40935,2197
40936,2324
40937,2036
40938,1685
40939,1528
40944,1582
40945,1829
40946,1817
40947,1998
40948,1940
40949,2015
40950,1746
40954,1608
40955,1720
40956,1598
40957,2077
40989,502
41062,533
41063,466
41064,400
41065,570
41066,400
41067,414
41068,408
41069,400
41070,400
41071,400
41072,400
41073,400
41074,400
41075,400
41076,400
41077,400
41078,400
41079,412
41080,426
41081,508
41082,590
41083,627
41084,1171
41085,1029
41086,871
41087,602
41088,612
41089,476
41090,409
41091,400
41092,400
41093,400
41094,400
41095,400
41096,401
41097,409
41098,453
41099,500
41100,499
41101,656
41102,732
41103,752
41104,1163
41105,1121
41106,821
41107,697
41108,698
41109,495
41110,414
41111,402
41112,400
41113,447
41114,493
41115,616
41116,618
41117,658
41118,625
41119,872
41120,1312
41121,1445
41122,1093
41123,738
41124,625
41125,611
41126,477
41127,510
41128,577
41129,705
41130,746
41131,993
41132,1122
41133,998
41134,1349
41135,1292
41136,1168
41137,790
41138,695
41139,887
41140,873
41141,943
41142,1007
41143,961
41144,1394
41145,1409
41146,1377
41147,1055
41148,1061
41149,935
41150,1229
41151,1115
41152,1471
41153,1304
41154,1093
41155,1362
41156,1319
41157,400
41158,400
41178,400
41198,400
41257,400
41258,400
41259,576
41260,405
41261,403
41262,578
41263,419
41264,433
41265,513
41266,530
41279,400
41280,400
41281,400
41282,401
41283,421
41284,411
41285,500
41286,457
41300,404
41301,407
41302,470
41368,535
41369,400
41387,529
41388,606
41389,400
41403,537
41404,762
41405,400
41406,407
41416,499
41417,677
41418,729
41419,414
41420,403
41426,497
41427,727
41428,749
41429,444
41430,458
41431,415
41433,437
41434,660
41435,715
41436,852
41437,549
41438,578
41439,838
41440,993
41441,835
41442,1987
41443,1999
41444,2119
41445,1532
41446,1937
41447,1707
41448,1759
41449,1765
41450,1943
41451,1748
41452,1927
41453,1458
41454,1899
41455,2032
41456,2070
41457,2327
41458,2177
41459,2158
41460,1975
41461,2234
41462,2050
41463,1874
41464,1070
41465,1107
41466,1220
41467,1475
41468,1611
41469,1668
41470,1751
41471,1932
41472,1829
41473,1860
41474,1834
41475,2139
41476,2208
41477,1999
41478,2077
41479,1848
41480,1655
41481,1865
41482,1875
41483,1807
41484,1099
41485,1009
41486,1187
41487,1743
41488,2090
41489,2048
41490,2192
41491,1707
41492,2097
41493,1996
41494,1852
41495,1981
41496,1905
41497,1883
41498,2056
41499,1811
41500,1357
41501,1552
41502,1594
41503,1732
41504,1883
41505,2039
41506,2183
41507,1875
41508,1986
41509,2376
41510,2264
41511,2115
41512,2126
41513,1959
41514,1667
41515,1718
41516,1896
41517,2113
41518,2123
41519,2139
41520,1987
41521,2006
41522,1855
41523,2098
41524,1393
41525,1643
41526,1936
41527,2494
41528,2068
41529,1816
41530,1992
41531,1864
41532,1615
41533,1776
41534,1573
41535,1579
41536,1547
41540,405
41542,400
41543,400
41545,400
41546,400
41547,400
41548,400
41549,400
41550,400
41551,400
41559,432
41560,427
41561,416
41562,401
41563,400
41564,400
41565,400
41566,400
41567,400
41568,400
41569,400
41570,400
41571,400
41572,400
41573,400
41579,400
41580,400
41581,400
41582,400
41583,400
41584,400
41585,400
41586,400
41587,400
41588,400
41589,400
41595,400
41596,400
41597,400
41598,400
41599,400
41600,400
41601,400
41602,400
41603,400
41604,400
41609,400
41610,400
41611,400
41612,400
41613,400
41614,400
41615,400
41616,400
41619,400
41620,400
41621,400
41622,400
41623,400
41624,400
41625,401
41627,400
41628,400
41629,400
41630,400
41631,400
41727,893
41728,1161
41729,1505
41731,1842
41732,1425
41733,1690
41734,2103
41735,1818
41736,1907
41737,2366
41738,1759
41739,2107
41740,2293
41741,2001
41742,1644
41743,1742
41744,1556
41745,1305
41746,1449
41747,1207
41748,934
41753,1166
41754,1490
41755,1426
41756,1418
41757,1917
41758,2242
41759,1989
41760,2231
41761,1683
41762,1669
41763,1666
41764,1630
41765,1404
41766,1360
41767,1079
41768,804
41773,1407
41774,1574
41775,1202
41776,1769
41777,1786
41778,1559
41779,1630
41780,1763
41781,1356
41782,944
41783,761
41784,635
41788,615
41789,1039
41790,1344
41791,1521
41792,1489
41793,1438
41794,1313
41795,919
41796,741
41797,561
41798,494
41801,804
41802,1108
41803,1225
41804,1224
41805,1122
41806,720
41807,733
41808,471
41810,486
41811,728
41812,1029
41813,849
41814,636
41815,430
41816,408
41818,623
41819,473
41820,400
41893,400
41902,401
41903,400
41904,400
41910,400
41911,400
41912,400
41914,400
41915,400
41916,401
41917,1594
41918,1247
41919,1347
41920,1051
41921,1602
41922,1325
41923,1408
41924,1757
41925,1658
41926,1459
41927,2267
41928,1817
41929,1838
41930,1776
41931,1698
41932,1652
41933,1655
41934,1750
41935,1485
41936,1635
41937,1659
41938,1671
41939,801
41940,1055
41941,1052
41942,1280
41943,1394
41944,1713
41945,1504
41946,1646
41947,1983
41948,2051
41949,1855
41950,1770
41951,1788
41952,1671
41953,1733
41954,1790
41955,1603
41956,1593
41957,1482
41958,1461
41959,713
41960,1122
41961,1212
41962,1549
41963,1496
41964,1632
41965,1812
41966,1784
41967,1925
41968,1787
41969,1669
41970,1864
41971,1578
41972,1570
41973,1278
41974,1601
41975,759
41976,1029
41977,1289
41978,1464
41979,1261
41980,1586
41981,1755
41982,1615
41983,1746
41984,1837
41985,1610
41986,1478
41987,1425
41988,1562
41989,874
41990,1102
41991,1436
41992,1476
41993,1598
41994,1728
41995,1660
41996,1262
41997,1442
41998,1388
41999,1032
42000,920
42001,1136
42002,1508
42003,1779
42004,1488
42005,1467
42006,1067
42007,1240
42008,1119
42009,1305
42010,1206
42011,1384
42107,709
42108,594
42109,489
42111,400
42123,400
42124,400
42125,408
42126,594
42127,799
42128,863
42129,436
42130,446
42131,401
42132,400
42142,400
42143,400
42144,420
42145,541
42146,734
42147,910
42148,1096
42149,486
42150,468
42151,403
42152,459
42153,400
42159,400
42160,433
42161,671
42162,851
42163,957
42164,1104
42165,685
42166,569
42167,476
42168,407
42169,400
42170,400
42172,400
42173,426
42174,496
42175,647
42176,955
42177,1238
42178,1633
42179,755
42180,601
42181,557
42182,445
42183,400
42184,496
42185,580
42186,710
42187,1021
42188,1418
42189,893
42190,702
42191,792
42192,748
42193,869
42194,1012
42195,1251
42196,1288
42197,1055
42198,1051
42199,1216
42200,1208
42201,1329
42202,979
42203,1100
42204,1380
42206,1607
42208,725
42209,1864
42210,1598
42211,1595
42212,2146
42213,1777
42214,1856
42215,1621
42216,1776
42217,1810
42218,1556
42219,1399
42220,1413
42221,1335
42222,983
42223,839
42231,993
42232,1416
42233,1876
42234,1668
42235,1497
42236,1487
42237,1638
42238,1192
42239,1193
42240,1305
42241,926
42242,751
42243,574
42249,685
42250,1195
42251,1450
42252,1526
42253,1393
42254,1293
42255,1237
42256,1171
42257,885
42258,719
42259,518
42265,709
42266,1705
42267,1401
42268,1093
42269,1008
42270,799
42271,618
42272,451
42278,804
42279,746
42280,665
42281,520
42392,1404
42393,1614
42394,1341
42396,1192
42399,1445
42400,620
42401,986
42402,1138
42403,1092
42404,1261
42405,1224
42406,1350
42407,1289
42408,1261
42409,1125
42410,1473
42411,1394
42412,1164
42413,1063
42423,952
42424,1077
42425,1250
42426,1449
42427,1176
42428,1100
42429,1281
42430,1181
42431,1187
42432,1067
42433,1110
42441,834
42442,973
42443,865
42444,1160
42445,1192
42446,1151
42447,1021
42448,1106
42449,1011
42487,979
42488,921
42489,760
42491,499
42494,400
42496,400
42497,400
42498,400
42499,400
42500,400
42501,400
42502,400
42503,456
42504,528
42505,594
42506,659
42507,836
42508,842
42516,400
42517,400
42518,400
42519,400
42520,400
42521,400
42522,401
42523,438
42524,519
42525,720
42526,836
42527,880
42528,908
42533,400
42534,400
42535,400
42536,400
42537,400
42538,400
42539,400
42540,439
42541,504
42542,586
42543,711
42544,793
42548,400
42549,400
42550,400
42551,400
42552,400
42553,406
42554,417
42555,488
42556,561
42557,670
42558,723
42559,400
42560,400
42561,400
42562,400
42563,400
42564,400
42565,400
42566,465
42567,527
42568,698
42569,400
42570,400
42571,400
42572,400
42573,400
42574,453
42575,560
42576,804
42577,400
42578,401
42579,408
42580,502
42581,420
42677,1580
42678,1498
42679,1530
42681,1222
42683,573
42684,743
42685,664
42686,590
42687,515
42688,696
42689,586
42690,873
42691,954
42692,1032
42693,1360
42694,1387
42695,1708
42696,1449
42697,1602
42698,1772
42705,765
42706,814
42707,841
42708,866
42709,932
42710,911
42711,1040
42712,1367
42713,1290
42714,1572
42715,1925
42716,1578
42717,1810
42718,2037
42724,860
42725,1119
42726,1047
42727,1234
42728,1409
42729,1248
42730,1314
42731,1668
42732,1762
42733,1689
42734,1764
42740,1045
42741,1248
42742,1453
42743,1251
42744,1425
42745,1621
42746,1522
42747,1475
42748,1658
42753,1287
42754,1081
42755,1176
42756,1431
42757,1507
42758,1611
42782,400
43057,1239
43058,1236
43059,1460
43060,1838
43061,1527
43062,1411
43063,1168
43064,1052
43065,1141
43066,1140
43067,1598
43068,908
43069,1024
43070,1112
43071,1038
43072,1553
43073,1415
43074,1423
43075,1578
43076,1481
43077,1465
43078,1373
43079,1879
43080,2006
43081,1749
43082,1885
43083,1640
43084,1529
43085,1559
43086,1407
43087,1250
43088,1260
43089,1347
43090,1311
43091,1100
43092,1283
43093,1145
43094,1480
43095,1661
43096,1673
43097,1547
43098,1673
43099,1859
43100,2100
43101,1785
43102,1660
43103,1636
43104,1441
43105,1399
43106,1620
43107,1576
43108,1406
43109,1246
43110,1526
43111,1602
43112,1401
43113,1518
43114,1585
43115,1795
43116,1948
43117,1920
43118,1608
43119,1964
43120,1680
43121,1601
43122,1463
43123,1731
43124,1761
43125,1597
43126,1463
43127,1677
43128,1369
43129,2049
43130,2148
43131,1620
43132,2058
43133,1887
43134,2026
43135,1934
43136,1569
43137,1550
43138,1311
43139,1830
43140,1988
43141,1496
43142,2017
43143,1596
43144,1897
43145,1628
43146,1695
43147,1584
43148,1769
43149,1554
43150,1910
43151,1880
43247,1688
43248,1897
43249,2144
43250,2233
43251,2160
43252,1914
43253,2141
43254,1780
43255,2064
43256,1858
43257,2116
43258,2058
43259,2071
43260,2076
43261,2040
43262,2067
43263,2075
43264,1960
43265,2268
43266,1760
43267,1726
43268,1939
43269,1935
43270,2105
43271,2119
43272,2410
43273,2226
43274,1877
43275,1886
43276,1981
43277,2180
43278,2248
43279,1866
43280,2244
43281,2096
43282,2187
43283,1904
43284,2265
43285,2113
43286,2323
43287,1856
43288,1782
43289,1788
43290,1880
43291,2041
43292,2079
43293,1832
43294,1918
43295,1943
43296,2120
43297,2128
43298,1916
43299,2153
43300,2161
43301,2323
43302,2123
43303,1979
43304,1858
43305,2054
43306,2069
43307,2166
43308,1743
43309,2142
43310,2246
43311,1941
43312,2085
43313,2132
43314,1942
43315,2289
43316,2288
43317,2057
43318,1832
43319,2199
43320,2303
43321,2159
43322,2171
43323,2139
43324,2091
43325,1924
43326,1823
43327,2022
43328,1824
43329,1697
43330,2063
43331,2177
43332,1941
43333,1413
43334,1358
43335,1543
43336,1899
43337,1821
43338,1551
43339,1606
43340,1841
43341,1523
43443,423
43445,659
43446,926
43447,1317
43448,932
43449,707
43467,495
43468,772
43532,1263
43533,1539
43534,1711
43535,2171
43536,1650
43537,2079
43538,2145
43539,1711
43540,1997
43541,2314
43542,2209
43543,2043
43544,2167
43545,1858
43546,1697
43547,1720
43548,1702
43549,1548
43550,1558
43551,1559
43552,1521
43553,1346
43554,1749
43555,2165
43556,2003
43557,2291
43558,1955
43559,1809
43560,1753
43561,2091
43562,2303
43563,2412
43564,2154
43565,1936
43566,1755
43567,1771
43568,1777
43569,1640
43570,1782
43571,1678
43572,1729
43573,1563
43574,2004
43575,1776
43576,1690
43577,2020
43578,2064
43579,2013
43580,1960
43581,2078
43582,1983
43583,2056
43584,2021
43585,2114
43586,1813
43587,1727
43588,1894
43589,1806
43590,2003
43591,2046
43592,1717
43593,2049
43594,2141
43595,2105
43596,2071
43597,1863
43598,2080
43599,1807
43600,1673
43601,1526
43602,1787
43603,1506
43604,1847
43605,1987
43606,1990
43607,2132
43608,1997
43609,2245
43610,1937
43611,1704
43612,1614
43613,1441
43614,1712
43615,1739
43616,1730
43617,1870
43618,1747
43619,1572
43620,1469
43621,1609
43622,1766
43623,1775
43624,1602
43625,1579
43626,1537
43630,424
43649,946
43650,574
43651,451
43652,403
43653,400
43669,598
43670,400
43671,400
43672,400
43685,502
43686,426
43687,400
43688,400
43699,408
43700,400
43709,416
43710,400
43717,400
43725,1470
43727,1283
43728,1103
43730,1053
43731,1055
43732,1393
43733,935
43734,774
43735,651
43744,1315
43745,1281
43746,1378
43747,1280
43748,1150
43749,1238
43750,1128
43751,1017
43752,845
43753,944
43754,911
43755,904
43764,999
43765,1253
43766,1091
43767,958
43768,921
43769,847
43770,1043
43771,1068
43772,990
43780,937
43781,988
43782,893
43783,845
43784,847
43785,722
43786,902
43826,400
43915,1677
43916,1241
43917,1788
43918,2142
43919,1963
43920,1758
43921,2211
43922,2404
43923,1811
43924,1803
43925,1809
43926,1770
43927,1760
43928,1664
43929,1085
43934,1283
43935,1609
43936,1599
43937,1598
43938,1713
43939,1656
43940,1819
43941,1803
43942,1667
43943,1865
43944,1777
43945,1806
43946,1692
43947,1784
43948,1544
43954,1092
43955,1262
43956,1557
43957,1583
43958,1549
43959,1698
43960,1816
43961,1751
43962,1829
43963,1642
43964,1535
43965,1451
43966,864
43970,1001
43971,1136
43972,1400
43973,1539
43974,1632
43975,1640
43976,1704
43977,1819
43978,1588
43979,1436
43980,929
43984,997
43985,1064
43986,1338
43987,1331
43988,1582
43989,1298
43990,1274
43991,1051
43992,619
43993,452
43994,863
43995,769
43996,1256
43997,1179
43998,1029
43999,750
44000,579
44001,416
44002,778
44003,869
44004,635
44005,482
44006,649
44105,750
44107,892
44108,977
44109,648
44110,948
44111,944
44112,1717
44113,879
44114,774
44115,557
44116,509
44117,427
44118,400
44124,400
44125,412
44126,440
44127,548
44128,647
44129,793
44130,859
44131,716
44132,785
44133,1089
44134,749
44135,565
44136,443
44137,423
44138,400
44144,400
44145,400
44146,408
44147,458
44148,536
44149,624
44150,547
44151,752
44152,548
44153,450
44154,400
44161,400
44162,400
44163,400
44164,407
44165,436
44166,476
44167,403
44168,400
44176,400
44177,400
44178,400
44197,2033
44198,1932
44199,2127
44200,723
44201,1659
44202,590
44203,838
44204,1145
44205,706
44206,944
44207,1456
44208,1009
44209,1078
44210,1204
44211,1318
44212,1356
44213,1442
44214,1627
44215,1826
44216,1909
44217,1598
44218,1838
44219,702
44220,836
44221,900
44222,727
44223,787
44224,822
44225,883
44226,825
44227,930
44228,1034
44229,1062
44230,1357
44231,1453
44232,1588
44233,1478
44234,1560
44235,1676
44236,1430
44237,1396
44238,1672
44239,744
44240,803
44241,855
44242,924
44243,913
44244,783
44245,1070
44246,1098
44247,1289
44248,1358
44249,1434
44250,1395
44251,1414
44252,1415
44253,1244
44254,1900
44255,896
44256,944
44257,890
44258,923
44259,895
44260,1071
44261,1303
44262,1362
44263,1159
44264,1347
44265,1386
44266,1613
44267,1843
44268,2183
44269,1123
44270,1143
44271,862
44272,920
44273,1143
44274,1204
44275,1302
44276,1414
44277,1494
44278,1776
44279,823
44280,1048
44281,1195
44282,1197
44283,1187
44284,1200
44285,1330
44286,1672
44287,1224
44288,1235
44289,1407
44290,1429
44291,1752
44580,2130
44582,1786
44583,1929
44584,1598
44585,1539
44586,1528
44587,1910
44588,1729
44589,1697
44590,1540
44591,1056
44599,1536
44600,1573
44601,1637
44602,1611
44603,1812
44604,1857
44605,1878
44606,1606
44607,1373
44608,1837
44609,1789
44610,1599
44611,1112
44619,1418
44620,1554
44621,1604
44622,1420
44623,1593
44624,2062
44625,1855
44626,1801
44627,1558
44628,1168
44635,1404
44636,1561
44637,1248
44638,1277
44639,1437
44640,1575
44641,1498
44642,1291
44649,1197
44650,1254
44651,1334
44652,1188
44653,1148
44659,860
44660,1053
44661,903
44667,717
44671,699
45357,938
45358,1347
45376,782
45377,1281
45378,1537
45393,811
45394,1313
45406,578
45407,953
45408,1072
45416,434
45417,687
45418,936
45423,400
45424,488
45425,574
45426,753
45428,400
45429,458
45430,670
45431,407
45534,446
45535,648
45536,904
45537,821
45538,705
45539,572
45540,455
45558,589
45622,477
45623,534
45624,637
45625,1612
45626,979
45627,1493
45628,1476
45629,974
45630,1297
45631,1270
45632,1403
45633,1089
45634,1128
45635,1051
45636,1203
45637,1056
45638,1094
45639,1072
45640,865
45641,862
45642,653
45643,541
45644,1784
45645,1927
45646,1855
45647,1650
45648,1459
45649,1772
45650,1647
45651,1374
45652,1453
45653,1404
45654,1179
45655,1114
45656,1120
45657,1217
45658,980
45659,1057
45660,971
45661,1020
45662,839
45663,696
45664,1848
45665,1893
45666,2045
45667,1539
45668,1480
45669,1533
45670,1565
45671,1578
45672,1438
45673,1535
45674,1339
45675,1247
45676,1207
45677,1220
45678,999
45679,966
45680,1604
45681,1724
45682,1760
45683,1692
45684,1403
45685,1882
45686,1601
45687,1686
45688,1615
45689,1649
45690,1418
45691,1245
45692,1015
45693,1097
45694,1698
45695,1537
45696,1701
45697,1616
45698,1797
45699,1782
45700,1832
45701,1482
45702,1311
45703,1179
45704,1923
45705,1695
45706,1848
45707,1661
45708,1554
45709,1490
45710,1375
45711,1110
45712,1659
45713,1421
45714,1397
45715,1591
45716,1926
45717,1946
45718,1999
45719,1871
45720,1381
45721,1634
45722,1697
45723,1531
45724,1645
45725,1329
45726,1144
45727,1512
45728,1391
45729,1562
45730,1422
45731,1543
45732,1535
45733,1555
45734,1663
45735,1800
45736,2150
45737,2153
45738,2283
45739,1505
45740,1601
45741,1519
45742,1413
45743,1176
45744,1402
45745,1806
45746,1538
45747,1390
45748,1463
45749,1521
45750,1645
45751,1744
45752,1505
45753,1416
45754,1692
45755,1975
45756,2027
45757,2208
45758,2208
45759,1717
45760,1603
45761,1555
45762,1775
45763,1469
45764,1567
45765,1573
45766,1548
45767,1564
45768,1701
45769,1721
45770,1595
45771,1590
45772,2090
45773,1968
45774,1777
45775,1648
45776,1498
45777,1612
45778,1837
45779,1726
45780,1393
45781,1569
45782,1616
45783,1936
45784,2030
45785,2001
45786,1989
45787,1849
45788,1923
45789,1357
45790,1379
45791,1575
45792,1975
45793,1777
45794,1625
45795,1700
45796,1800
45797,1349
45798,1842
45799,1526
45800,1801
45801,1553
45802,1729
45803,1484
45804,1584
45805,1533
45806,1716
45807,1758
45808,1649
45809,1780
45810,1532
45811,2112
45812,400
45813,400
45814,400
45815,1476
45816,423
45817,1072
45818,983
45819,446
45820,636
45821,651
45822,523
45823,612
45824,503
45825,468
45826,507
45827,496
45828,438
45829,403
45830,450
45831,418
45832,400
45833,400
45834,1518
45835,1398
45836,1486
45837,1576
45838,1351
45839,1164
45840,1023
45841,954
45842,631
45843,677
45844,547
45845,701
45846,737
45847,618
45848,515
45849,488
45850,525
45851,455
45852,406
45853,431
45854,1504
45855,1347
45856,1311
45857,1160
45858,979
45859,1026
45860,793
45861,720
45862,791
45863,812
45864,626
45865,517
45866,547
45867,565
45868,415
45869,422
45870,1658
45871,1493
45872,1087
45873,1006
45874,1073
45875,815
45876,798
45877,779
45878,631
45879,570
45880,540
45881,574
45882,520
45883,499
45884,1428
45885,1470
45886,1308
45887,879
45888,901
45889,832
45890,764
45891,626
45892,645
45893,550
45894,1267
45895,1245
45896,1373
45897,1169
45898,923
45899,747
45900,676
45901,816
45902,1118
45903,1176
45904,1021
45905,931
45906,1218
46002,569
46003,642
46004,793
46006,777
46008,400
46009,868
46010,649
46011,746
46012,964
46013,632
46014,762
46015,802
46016,661
46017,622
46018,549
46019,593
46020,534
46021,578
46022,554
46023,469
46030,401
46031,461
46032,590
46033,595
46034,742
46035,746
46036,613
46037,445
46038,501
46039,469
46040,457
46041,428
46042,423
46043,431
46049,400
46050,459
46051,629
46052,566
46053,409
46054,424
46055,415
46056,424
46057,402
46058,416
46059,418
46066,408
46067,400
46068,413
46069,424
46070,414
46071,407
46072,400
46073,400
46079,400
46080,400
46081,400
46082,400
46083,400
46089,400
46090,400
46091,400
46095,400
